Circle,GeneLabel,Ring,Angle,Activity
KMTs,SMYD1,Nucleus,5,6
KMTs,SMYD1,Cytoplasm,5,5
KMTs,SMYD1,Non-histone,5,4
KMTs,SMYD1,Histone,5,3
KMTs,SMYD1,Preclinical,5,2
KMTs,SMYD1,Clinical,5,1
KMTs,SMYD2,Nucleus,13,6
KMTs,SMYD2,Cytoplasm,13,5
KMTs,SMYD2,Non-histone,13,4
KMTs,SMYD2,Histone,13,3
KMTs,SMYD2,Preclinical,13,2
KMTs,SMYD2,Clinical,13,1
KMTs,SMYD3,Nucleus,21,6
KMTs,SMYD3,Cytoplasm,21,5
KMTs,SMYD3,Non-histone,21,4
KMTs,SMYD3,Histone,21,3
KMTs,SMYD3,Preclinical,21,2
KMTs,SMYD3,Clinical,21,1
KMTs,SMYD4,Nucleus,29,6
KMTs,SMYD4,Cytoplasm,29,5
KMTs,SMYD4,Non-histone,29,4
KMTs,SMYD4,Histone,29,3
KMTs,SMYD4,Preclinical,29,2
KMTs,SMYD4,Clinical,29,1
KMTs,SMYD5,Nucleus,37,6
KMTs,SMYD5,Cytoplasm,37,5
KMTs,SMYD5,Non-histone,37,4
KMTs,SMYD5,Histone,37,3
KMTs,SMYD5,Preclinical,37,2
KMTs,SMYD5,Clinical,37,1
KMTs,SUV39H1,Nucleus,45,6
KMTs,SUV39H1,Cytoplasm,45,5
KMTs,SUV39H1,Non-histone,45,4
KMTs,SUV39H1,Histone,45,3
KMTs,SUV39H1,Preclinical,45,2
KMTs,SUV39H1,Clinical,45,1
KMTs,SUV39H2,Nucleus,53,6
KMTs,SUV39H2,Cytoplasm,53,5
KMTs,SUV39H2,Non-histone,53,4
KMTs,SUV39H2,Histone,53,3
KMTs,SUV39H2,Preclinical,53,2
KMTs,SUV39H2,Clinical,53,1
KMTs,SUV420H1,Nucleus,61,6
KMTs,SUV420H1,Cytoplasm,61,5
KMTs,SUV420H1,Non-histone,61,4
KMTs,SUV420H1,Histone,61,3
KMTs,SUV420H1,Preclinical,61,2
KMTs,SUV420H1,Clinical,61,1
KMTs,SUV420H2,Nucleus,69,6
KMTs,SUV420H2,Cytoplasm,69,5
KMTs,SUV420H2,Non-histone,69,4
KMTs,SUV420H2,Histone,69,3
KMTs,SUV420H2,Preclinical,69,2
KMTs,SUV420H2,Clinical,69,1
KMTs,ASH1L,Nucleus,77,6
KMTs,ASH1L,Cytoplasm,77,5
KMTs,ASH1L,Non-histone,77,4
KMTs,ASH1L,Histone,77,3
KMTs,ASH1L,Preclinical,77,2
KMTs,ASH1L,Clinical,77,1
KMTs,CAMKMT,Nucleus,85,6
KMTs,CAMKMT,Cytoplasm,85,5
KMTs,CAMKMT,Non-histone,85,4
KMTs,CAMKMT,Histone,85,3
KMTs,CAMKMT,Preclinical,85,2
KMTs,CAMKMT,Clinical,85,1
KMTs,DOT1L,Nucleus,93,6
KMTs,DOT1L,Cytoplasm,93,5
KMTs,DOT1L,Non-histone,93,4
KMTs,DOT1L,Histone,93,3
KMTs,DOT1L,Preclinical,93,2
KMTs,DOT1L,Clinical,93,1
KMTs,EEF2KMT,Nucleus,101,6
KMTs,EEF2KMT,Cytoplasm,101,5
KMTs,EEF2KMT,Non-histone,101,4
KMTs,EEF2KMT,Histone,101,3
KMTs,EEF2KMT,Preclinical,101,2
KMTs,EEF2KMT,Clinical,101,1
KMTs,ETFBKMT,Nucleus,109,6
KMTs,ETFBKMT,Cytoplasm,109,5
KMTs,ETFBKMT,Non-histone,109,4
KMTs,ETFBKMT,Histone,109,3
KMTs,ETFBKMT,Preclinical,109,2
KMTs,ETFBKMT,Clinical,109,1
KMTs,EZH1,Nucleus,117,6
KMTs,EZH1,Cytoplasm,117,5
KMTs,EZH1,Non-histone,117,4
KMTs,EZH1,Histone,117,3
KMTs,EZH1,Preclinical,117,2
KMTs,EZH1,Clinical,117,1
KMTs,EZH2,Nucleus,125,6
KMTs,EZH2,Cytoplasm,125,5
KMTs,EZH2,Non-histone,125,4
KMTs,EZH2,Histone,125,3
KMTs,EZH2,Preclinical,125,2
KMTs,EZH2,Clinical,125,1
KMTs,G9a,Nucleus,133,6
KMTs,G9a,Cytoplasm,133,5
KMTs,G9a,Non-histone,133,4
KMTs,G9a,Histone,133,3
KMTs,G9a,Preclinical,133,2
KMTs,G9a,Clinical,133,1
KMTs,GLP,Nucleus,141,6
KMTs,GLP,Cytoplasm,141,5
KMTs,GLP,Non-histone,141,4
KMTs,GLP,Histone,141,3
KMTs,GLP,Preclinical,141,2
KMTs,GLP,Clinical,141,1
KMTs,KMT9,Nucleus,149,6
KMTs,KMT9,Cytoplasm,149,5
KMTs,KMT9,Non-histone,149,4
KMTs,KMT9,Histone,149,3
KMTs,KMT9,Preclinical,149,2
KMTs,KMT9,Clinical,149,1
KMTs,METTL21A,Nucleus,157,6
KMTs,METTL21A,Cytoplasm,157,5
KMTs,METTL21A,Non-histone,157,4
KMTs,METTL21A,Histone,157,3
KMTs,METTL21A,Preclinical,157,2
KMTs,METTL21A,Clinical,157,1
KMTs,METTL21B,Nucleus,165,6
KMTs,METTL21B,Cytoplasm,165,5
KMTs,METTL21B,Non-histone,165,4
KMTs,METTL21B,Histone,165,3
KMTs,METTL21B,Preclinical,165,2
KMTs,METTL21B,Clinical,165,1
KMTs,METTL21C,Nucleus,173,6
KMTs,METTL21C,Cytoplasm,173,5
KMTs,METTL21C,Non-histone,173,4
KMTs,METTL21C,Histone,173,3
KMTs,METTL21C,Preclinical,173,2
KMTs,METTL21C,Clinical,173,1
KMTs,METTL21D,Nucleus,181,6
KMTs,METTL21D,Cytoplasm,181,5
KMTs,METTL21D,Non-histone,181,4
KMTs,METTL21D,Histone,181,3
KMTs,METTL21D,Preclinical,181,2
KMTs,METTL21D,Clinical,181,1
KMTs,MLL1,Nucleus,189,6
KMTs,MLL1,Cytoplasm,189,5
KMTs,MLL1,Non-histone,189,4
KMTs,MLL1,Histone,189,3
KMTs,MLL1,Preclinical,189,2
KMTs,MLL1,Clinical,189,1
KMTs,MLL2,Nucleus,197,6
KMTs,MLL2,Cytoplasm,197,5
KMTs,MLL2,Non-histone,197,4
KMTs,MLL2,Histone,197,3
KMTs,MLL2,Preclinical,197,2
KMTs,MLL2,Clinical,197,1
KMTs,MLL3,Nucleus,205,6
KMTs,MLL3,Cytoplasm,205,5
KMTs,MLL3,Non-histone,205,4
KMTs,MLL3,Histone,205,3
KMTs,MLL3,Preclinical,205,2
KMTs,MLL3,Clinical,205,1
KMTs,MLL4,Nucleus,213,6
KMTs,MLL4,Cytoplasm,213,5
KMTs,MLL4,Non-histone,213,4
KMTs,MLL4,Histone,213,3
KMTs,MLL4,Preclinical,213,2
KMTs,MLL4,Clinical,213,1
KMTs,MLL5,Nucleus,221,6
KMTs,MLL5,Cytoplasm,221,5
KMTs,MLL5,Non-histone,221,4
KMTs,MLL5,Histone,221,3
KMTs,MLL5,Preclinical,221,2
KMTs,MLL5,Clinical,221,1
KMTs,NSD1,Nucleus,229,6
KMTs,NSD1,Cytoplasm,229,5
KMTs,NSD1,Non-histone,229,4
KMTs,NSD1,Histone,229,3
KMTs,NSD1,Preclinical,229,2
KMTs,NSD1,Clinical,229,1
KMTs,NSD2,Nucleus,237,6
KMTs,NSD2,Cytoplasm,237,5
KMTs,NSD2,Non-histone,237,4
KMTs,NSD2,Histone,237,3
KMTs,NSD2,Preclinical,237,2
KMTs,NSD2,Clinical,237,1
KMTs,NSD3,Nucleus,245,6
KMTs,NSD3,Cytoplasm,245,5
KMTs,NSD3,Non-histone,245,4
KMTs,NSD3,Histone,245,3
KMTs,NSD3,Preclinical,245,2
KMTs,NSD3,Clinical,245,1
KMTs,PRDM1,Nucleus,253,6
KMTs,PRDM1,Cytoplasm,253,5
KMTs,PRDM1,Non-histone,253,4
KMTs,PRDM1,Histone,253,3
KMTs,PRDM1,Preclinical,253,2
KMTs,PRDM1,Clinical,253,1
KMTs,PRDM2,Nucleus,261,6
KMTs,PRDM2,Cytoplasm,261,5
KMTs,PRDM2,Non-histone,261,4
KMTs,PRDM2,Histone,261,3
KMTs,PRDM2,Preclinical,261,2
KMTs,PRDM2,Clinical,261,1
KMTs,PRDM3,Nucleus,269,6
KMTs,PRDM3,Cytoplasm,269,5
KMTs,PRDM3,Non-histone,269,4
KMTs,PRDM3,Histone,269,3
KMTs,PRDM3,Preclinical,269,2
KMTs,PRDM3,Clinical,269,1
KMTs,PRDM4,Nucleus,277,6
KMTs,PRDM4,Cytoplasm,277,5
KMTs,PRDM4,Non-histone,277,4
KMTs,PRDM4,Histone,277,3
KMTs,PRDM4,Preclinical,277,2
KMTs,PRDM4,Clinical,277,1
KMTs,PRDM5,Nucleus,285,6
KMTs,PRDM5,Cytoplasm,285,5
KMTs,PRDM5,Non-histone,285,4
KMTs,PRDM5,Histone,285,3
KMTs,PRDM5,Preclinical,285,2
KMTs,PRDM5,Clinical,285,1
KMTs,PRDM6,Nucleus,293,6
KMTs,PRDM6,Cytoplasm,293,5
KMTs,PRDM6,Non-histone,293,4
KMTs,PRDM6,Histone,293,3
KMTs,PRDM6,Preclinical,293,2
KMTs,PRDM6,Clinical,293,1
KMTs,PRDM7,Nucleus,301,6
KMTs,PRDM7,Cytoplasm,301,5
KMTs,PRDM7,Non-histone,301,4
KMTs,PRDM7,Histone,301,3
KMTs,PRDM7,Preclinical,301,2
KMTs,PRDM7,Clinical,301,1
KMTs,PRDM8,Nucleus,309,6
KMTs,PRDM8,Cytoplasm,309,5
KMTs,PRDM8,Non-histone,309,4
KMTs,PRDM8,Histone,309,3
KMTs,PRDM8,Preclinical,309,2
KMTs,PRDM8,Clinical,309,1
KMTs,PRDM9,Nucleus,317,6
KMTs,PRDM9,Cytoplasm,317,5
KMTs,PRDM9,Non-histone,317,4
KMTs,PRDM9,Histone,317,3
KMTs,PRDM9,Preclinical,317,2
KMTs,PRDM9,Clinical,317,1
KMTs,PRDM10,Nucleus,325,6
KMTs,PRDM10,Cytoplasm,325,5
KMTs,PRDM10,Non-histone,325,4
KMTs,PRDM10,Histone,325,3
KMTs,PRDM10,Preclinical,325,2
KMTs,PRDM10,Clinical,325,1
KMTs,PRDM11,Nucleus,333,6
KMTs,PRDM11,Cytoplasm,333,5
KMTs,PRDM11,Non-histone,333,4
KMTs,PRDM11,Histone,333,3
KMTs,PRDM11,Preclinical,333,2
KMTs,PRDM11,Clinical,333,1
KMTs,PRDM12,Nucleus,341,6
KMTs,PRDM12,Cytoplasm,341,5
KMTs,PRDM12,Non-histone,341,4
KMTs,PRDM12,Histone,341,3
KMTs,PRDM12,Preclinical,341,2
KMTs,PRDM12,Clinical,341,1
KMTs,PRDM13,Nucleus,349,6
KMTs,PRDM13,Cytoplasm,349,5
KMTs,PRDM13,Non-histone,349,4
KMTs,PRDM13,Histone,349,3
KMTs,PRDM13,Preclinical,349,2
KMTs,PRDM13,Clinical,349,1
KMTs,PRDM14,Nucleus,357,6
KMTs,PRDM14,Cytoplasm,357,5
KMTs,PRDM14,Non-histone,357,4
KMTs,PRDM14,Histone,357,3
KMTs,PRDM14,Preclinical,357,2
KMTs,PRDM14,Clinical,357,1
KMTs,PRDM15,Nucleus,365,6
KMTs,PRDM15,Cytoplasm,365,5
KMTs,PRDM15,Non-histone,365,4
KMTs,PRDM15,Histone,365,3
KMTs,PRDM15,Preclinical,365,2
KMTs,PRDM15,Clinical,365,1
KMTs,PRDM16,Nucleus,373,6
KMTs,PRDM16,Cytoplasm,373,5
KMTs,PRDM16,Non-histone,373,4
KMTs,PRDM16,Histone,373,3
KMTs,PRDM16,Preclinical,373,2
KMTs,PRDM16,Clinical,373,1
KMTs,SETD1A,Nucleus,381,6
KMTs,SETD1A,Cytoplasm,381,5
KMTs,SETD1A,Non-histone,381,4
KMTs,SETD1A,Histone,381,3
KMTs,SETD1A,Preclinical,381,2
KMTs,SETD1A,Clinical,381,1
KMTs,SETD1B,Nucleus,389,6
KMTs,SETD1B,Cytoplasm,389,5
KMTs,SETD1B,Non-histone,389,4
KMTs,SETD1B,Histone,389,3
KMTs,SETD1B,Preclinical,389,2
KMTs,SETD1B,Clinical,389,1
KMTs,SETD2,Nucleus,397,6
KMTs,SETD2,Cytoplasm,397,5
KMTs,SETD2,Non-histone,397,4
KMTs,SETD2,Histone,397,3
KMTs,SETD2,Preclinical,397,2
KMTs,SETD2,Clinical,397,1
KMTs,SETD3,Nucleus,405,6
KMTs,SETD3,Cytoplasm,405,5
KMTs,SETD3,Non-histone,405,4
KMTs,SETD3,Histone,405,3
KMTs,SETD3,Preclinical,405,2
KMTs,SETD3,Clinical,405,1
KMTs,SETD4,Nucleus,413,6
KMTs,SETD4,Cytoplasm,413,5
KMTs,SETD4,Non-histone,413,4
KMTs,SETD4,Histone,413,3
KMTs,SETD4,Preclinical,413,2
KMTs,SETD4,Clinical,413,1
KMTs,SETD5,Nucleus,421,6
KMTs,SETD5,Cytoplasm,421,5
KMTs,SETD5,Non-histone,421,4
KMTs,SETD5,Histone,421,3
KMTs,SETD5,Preclinical,421,2
KMTs,SETD5,Clinical,421,1
KMTs,SETD6,Nucleus,429,6
KMTs,SETD6,Cytoplasm,429,5
KMTs,SETD6,Non-histone,429,4
KMTs,SETD6,Histone,429,3
KMTs,SETD6,Preclinical,429,2
KMTs,SETD6,Clinical,429,1
KMTs,SETD7,Nucleus,437,6
KMTs,SETD7,Cytoplasm,437,5
KMTs,SETD7,Non-histone,437,4
KMTs,SETD7,Histone,437,3
KMTs,SETD7,Preclinical,437,2
KMTs,SETD7,Clinical,437,1
KMTs,SETD8,Nucleus,445,6
KMTs,SETD8,Cytoplasm,445,5
KMTs,SETD8,Non-histone,445,4
KMTs,SETD8,Histone,445,3
KMTs,SETD8,Preclinical,445,2
KMTs,SETD8,Clinical,445,1
KMTs,SETD9,Nucleus,453,6
KMTs,SETD9,Cytoplasm,453,5
KMTs,SETD9,Non-histone,453,4
KMTs,SETD9,Histone,453,3
KMTs,SETD9,Preclinical,453,2
KMTs,SETD9,Clinical,453,1
KMTs,SETDB1,Nucleus,461,6
KMTs,SETDB1,Cytoplasm,461,5
KMTs,SETDB1,Non-histone,461,4
KMTs,SETDB1,Histone,461,3
KMTs,SETDB1,Preclinical,461,2
KMTs,SETDB1,Clinical,461,1
KMTs,SETDB2,Nucleus,469,6
KMTs,SETDB2,Cytoplasm,469,5
KMTs,SETDB2,Non-histone,469,4
KMTs,SETDB2,Histone,469,3
KMTs,SETDB2,Preclinical,469,2
KMTs,SETDB2,Clinical,469,1
KMTs,SETMAR,Nucleus,477,6
KMTs,SETMAR,Cytoplasm,477,5
KMTs,SETMAR,Non-histone,477,4
KMTs,SETMAR,Histone,477,3
KMTs,SETMAR,Preclinical,477,2
KMTs,SETMAR,Clinical,477,1
KDMs,JARID1A,Nucleus,12,6
KDMs,JARID1A,Cytoplasm,12,5
KDMs,JARID1A,Non-histone,12,4
KDMs,JARID1A,Histone,12,3
KDMs,JARID1A,Preclinical,12,2
KDMs,JARID1A,Clinical,12,1
KDMs,JARID1B,Nucleus,24,6
KDMs,JARID1B,Cytoplasm,24,5
KDMs,JARID1B,Non-histone,24,4
KDMs,JARID1B,Histone,24,3
KDMs,JARID1B,Preclinical,24,2
KDMs,JARID1B,Clinical,24,1
KDMs,JARID1C,Nucleus,36,6
KDMs,JARID1C,Cytoplasm,36,5
KDMs,JARID1C,Non-histone,36,4
KDMs,JARID1C,Histone,36,3
KDMs,JARID1C,Preclinical,36,2
KDMs,JARID1C,Clinical,36,1
KDMs,JARID1D,Nucleus,48,6
KDMs,JARID1D,Cytoplasm,48,5
KDMs,JARID1D,Non-histone,48,4
KDMs,JARID1D,Histone,48,3
KDMs,JARID1D,Preclinical,48,2
KDMs,JARID1D,Clinical,48,1
KDMs,JARID2,Nucleus,60,6
KDMs,JARID2,Cytoplasm,60,5
KDMs,JARID2,Non-histone,60,4
KDMs,JARID2,Histone,60,3
KDMs,JARID2,Preclinical,60,2
KDMs,JARID2,Clinical,60,1
KDMs,JHDM1D,Nucleus,72,6
KDMs,JHDM1D,Cytoplasm,72,5
KDMs,JHDM1D,Non-histone,72,4
KDMs,JHDM1D,Histone,72,3
KDMs,JHDM1D,Preclinical,72,2
KDMs,JHDM1D,Clinical,72,1
KDMs,JMJD1A,Nucleus,84,6
KDMs,JMJD1A,Cytoplasm,84,5
KDMs,JMJD1A,Non-histone,84,4
KDMs,JMJD1A,Histone,84,3
KDMs,JMJD1A,Preclinical,84,2
KDMs,JMJD1A,Clinical,84,1
KDMs,JMJD1B,Nucleus,96,6
KDMs,JMJD1B,Cytoplasm,96,5
KDMs,JMJD1B,Non-histone,96,4
KDMs,JMJD1B,Histone,96,3
KDMs,JMJD1B,Preclinical,96,2
KDMs,JMJD1B,Clinical,96,1
KDMs,JMJD1C,Nucleus,108,6
KDMs,JMJD1C,Cytoplasm,108,5
KDMs,JMJD1C,Non-histone,108,4
KDMs,JMJD1C,Histone,108,3
KDMs,JMJD1C,Preclinical,108,2
KDMs,JMJD1C,Clinical,108,1
KDMs,JMJD2A,Nucleus,120,6
KDMs,JMJD2A,Cytoplasm,120,5
KDMs,JMJD2A,Non-histone,120,4
KDMs,JMJD2A,Histone,120,3
KDMs,JMJD2A,Preclinical,120,2
KDMs,JMJD2A,Clinical,120,1
KDMs,JMJD2B,Nucleus,132,6
KDMs,JMJD2B,Cytoplasm,132,5
KDMs,JMJD2B,Non-histone,132,4
KDMs,JMJD2B,Histone,132,3
KDMs,JMJD2B,Preclinical,132,2
KDMs,JMJD2B,Clinical,132,1
KDMs,JMJD2C,Nucleus,144,6
KDMs,JMJD2C,Cytoplasm,144,5
KDMs,JMJD2C,Non-histone,144,4
KDMs,JMJD2C,Histone,144,3
KDMs,JMJD2C,Preclinical,144,2
KDMs,JMJD2C,Clinical,144,1
KDMs,JMJD2D,Nucleus,156,6
KDMs,JMJD2D,Cytoplasm,156,5
KDMs,JMJD2D,Non-histone,156,4
KDMs,JMJD2D,Histone,156,3
KDMs,JMJD2D,Preclinical,156,2
KDMs,JMJD2D,Clinical,156,1
KDMs,JMJD2E,Nucleus,168,6
KDMs,JMJD2E,Cytoplasm,168,5
KDMs,JMJD2E,Non-histone,168,4
KDMs,JMJD2E,Histone,168,3
KDMs,JMJD2E,Preclinical,168,2
KDMs,JMJD2E,Clinical,168,1
KDMs,JMJD3,Nucleus,180,6
KDMs,JMJD3,Cytoplasm,180,5
KDMs,JMJD3,Non-histone,180,4
KDMs,JMJD3,Histone,180,3
KDMs,JMJD3,Preclinical,180,2
KDMs,JMJD3,Clinical,180,1
KDMs,JMJD5,Nucleus,192,6
KDMs,JMJD5,Cytoplasm,192,5
KDMs,JMJD5,Non-histone,192,4
KDMs,JMJD5,Histone,192,3
KDMs,JMJD5,Preclinical,192,2
KDMs,JMJD5,Clinical,192,1
KDMs,KDM2A,Nucleus,204,6
KDMs,KDM2A,Cytoplasm,204,5
KDMs,KDM2A,Non-histone,204,4
KDMs,KDM2A,Histone,204,3
KDMs,KDM2A,Preclinical,204,2
KDMs,KDM2A,Clinical,204,1
KDMs,KDM2B,Nucleus,216,6
KDMs,KDM2B,Cytoplasm,216,5
KDMs,KDM2B,Non-histone,216,4
KDMs,KDM2B,Histone,216,3
KDMs,KDM2B,Preclinical,216,2
KDMs,KDM2B,Clinical,216,1
KDMs,LSD1,Nucleus,228,6
KDMs,LSD1,Cytoplasm,228,5
KDMs,LSD1,Non-histone,228,4
KDMs,LSD1,Histone,228,3
KDMs,LSD1,Preclinical,228,2
KDMs,LSD1,Clinical,228,1
KDMs,LSD2,Nucleus,240,6
KDMs,LSD2,Cytoplasm,240,5
KDMs,LSD2,Non-histone,240,4
KDMs,LSD2,Histone,240,3
KDMs,LSD2,Preclinical,240,2
KDMs,LSD2,Clinical,240,1
KDMs,MINA,Nucleus,252,6
KDMs,MINA,Cytoplasm,252,5
KDMs,MINA,Non-histone,252,4
KDMs,MINA,Histone,252,3
KDMs,MINA,Preclinical,252,2
KDMs,MINA,Clinical,252,1
KDMs,NO66,Nucleus,264,6
KDMs,NO66,Cytoplasm,264,5
KDMs,NO66,Non-histone,264,4
KDMs,NO66,Histone,264,3
KDMs,NO66,Preclinical,264,2
KDMs,NO66,Clinical,264,1
KDMs,PHF2,Nucleus,276,6
KDMs,PHF2,Cytoplasm,276,5
KDMs,PHF2,Non-histone,276,4
KDMs,PHF2,Histone,276,3
KDMs,PHF2,Preclinical,276,2
KDMs,PHF2,Clinical,276,1
KDMs,PHF8,Nucleus,288,6
KDMs,PHF8,Cytoplasm,288,5
KDMs,PHF8,Non-histone,288,4
KDMs,PHF8,Histone,288,3
KDMs,PHF8,Preclinical,288,2
KDMs,PHF8,Clinical,288,1
KDMs,UTX,Nucleus,300,6
KDMs,UTX,Cytoplasm,300,5
KDMs,UTX,Non-histone,300,4
KDMs,UTX,Histone,300,3
KDMs,UTX,Preclinical,300,2
KDMs,UTX,Clinical,300,1
KDMs,UTY,Nucleus,312,6
KDMs,UTY,Cytoplasm,312,5
KDMs,UTY,Non-histone,312,4
KDMs,UTY,Histone,312,3
KDMs,UTY,Preclinical,312,2
KDMs,UTY,Clinical,312,1
